{
  "assetsByChunkName": {
    "vendors~app-account~app-checkout~app-confirmation~app-order": "chunk.165aeb50c76459a1ac74.js",
    "vendors~app-account~app-confirmation~app-order": "chunk.86b21c9d7ccb76732ee5.js",
    "vendors~app-account~app-checkout": "chunk.266001345c9a5332612c.js",
    "vendors~app-cart~app-checkout": "chunk.766aaa3793f030bb5421.js",
    "admin": [
      "admin.37bd67b871721009f891.js",
      "admin.37bd67b871721009f891.js.map"
    ],
    "app-account": "chunk.9c17ce16732f4f8c1699.js",
    "app-checkout": "chunk.58045d534f99365d52f1.js",
    "app-confirmation": "chunk.00a68f9dcf69377d8973.js",
    "app-order": "chunk.bf4ea484e5717476c4c1.js",
    "checkout": [
      "checkout.c58629afdfaf3a1dfa92.js",
      "checkout.c58629afdfaf3a1dfa92.js.map"
    ],
    "storefront": [
      "storefront.a5e9c34e4a71e7bba3fd.css",
      "storefront.8755548ac0a870ad5a0e.js",
      "storefront.a5e9c34e4a71e7bba3fd.css.map",
      "storefront.8755548ac0a870ad5a0e.js.map"
    ],
    "vendors~app-cart": "chunk.747e632f944c4d6ee608.js"
  }
}