{
  "title": "Sobre nós",
  "meta_title": "Sobre nós",
  "meta_description": "Sobre nós",
  "body": "<!--StartFragment-->\n\nApós 5 anos e 40.000+ lojas com a [ E-Com Club ](https://www.e-com.club/), trazemos para você o que há de melhor em tecnologia para e-commerce\n\nMuito mais do que uma plataforma, não trabalhamos para que você apenas crie uma loja virtual, trabalhamos para que **você venda mais**.\n\nCriamos essa nova solução com toda a experiência, feedback e capacidade de investimento que adquirimos ao longo desses anos atuando no mercado de e-commerce nacional. Trazemos **inovação ao alcance de pequenas e médias empresas**, tecnologia única no mercado nacional focada em ux, escala e conversão.\n\n<!--EndFragment-->",
  "sections": []
}