{
  "marketing_stripe": {
    "text": "FRETE GRÁTIS em pedidos acima de R$150",
    "link": ""
  },
  "contacts_stripe": {
    "pages": [
      {
        "title": "Sobre nós",
        "link": "/pages/sobre-nos"
      },
      {
        "title": "Esta loja é um PWA",
        "link": "/posts/esta-loja-e-um-pwa"
      },
      {}
    ],
    "phone_wpp": true,
    "socials": true
  },
  "categories_list": {
    "featured": [
      "/tenis?Tenis"
    ],
    "random": 6,
    "full_width": true
  },
  "search_input": true
}