{
  "meta_title": "",
  "meta_description": "",
  "sections": [
    {
      "type": "banner-slider",
      "autoplay": 9000,
      "slides": [
        {
          "start": "",
          "end": "",
          "img": "/img/uploads/frete-gratis.webp",
          "mobile_img": "/img/uploads/frete-gratis-mobile.webp",
          "alt": "Frete grátis em pedidos acima de R$ 150"
        }
      ],
      "full_width": true
    },
    {
      "type": "info-bar",
      "enabled": true
    },
    {
      "type": "collection-shelf",
      "shuffle": true,
      "collection_id": null,
      "limit": 12,
      "page": 1
    },
    {
      "type": "page-title",
      "title": "Loja demo da E-Com Plus",
      "description": "Loja de demonstração e testes da plataforma E-Com Plus e Storefront. Todos os produtos, preços e informações são meramente ilustrativos."
    },
    {
      "type": "custom-html",
      "html": "<div class=\"row\">\n  <div class=\"col-lg-5 testimonial py-5 px-5 mx-4\">\n    <p class=\"lead\">\n      \"O monocard foi crucial para as nossas estratégias dentro do G4 Club para conexões. A tecnologia nos ajuda a cada vez mais a se conectar.\"\n    </p>\n    <strong>\n    G4 Club\n    </strong>\n    <small>\n    Rodrigo Casagrande - Community Manager\n    </small>\n  </div>\n  \n  <div class=\"col-lg-5 testimonial py-5 px-5 mx-4\">\n    <p class=\"lead\">\n      \"O monocard foi crucial para as nossas estratégias dentro do G4 Club para conexões. A tecnologia nos ajuda a cada vez mais a se conectar.\"\n    </p>\n    <strong>\n    G4 Club\n    </strong>\n    <small>\n    Rodrigo Casagrande - Community Manager\n    </small>\n  </div>\n    \n</div> \n\n<div class=\"row py-5\">\n  <div class=\"col\">\n    <a href=\"https://lp.monocard.com.br/empresas\" class=\"btn btn-lg btn-secondary\">Entre em contato</a>\n  </div>\n</div>\n\n  \n"
    }
  ]
}